"Reference","Value","Footprint","Datasheet","Qty","DNP","Exclude from BOM","Exclude from Board"
"C1","0.1uF","Capacitor_THT:C_Disc_D5.0mm_W2.5mm_P2.50mm","~","1","","",""
"J1","GND,5V&INT1","TerminalBlock:TerminalBlock_MaiXu_MX126-5.0-03P_1x03_P5.00mm","~","1","","",""
"J3","HEATER&COOLER","TerminalBlock:TerminalBlock_MaiXu_MX126-5.0-02P_1x02_P5.00mm","~","1","","",""
"J5","LOAD1","Connector_Wire:SolderWirePad_1x01_SMD_1x2mm","~","1","","",""
"J6","L1","Connector_Wire:SolderWirePad_1x01_SMD_1x2mm","~","1","","",""
"J7","T1","Connector_Wire:SolderWirePad_1x01_SMD_1x2mm","~","1","","",""
"J8","N1","Connector_Wire:SolderWirePad_1x01_SMD_1x2mm","~","1","","",""
"J9","LOAD2","Connector_Wire:SolderWirePad_1x01_SMD_1x2mm","~","1","","",""
"J10","T2","Connector_Wire:SolderWirePad_1x01_SMD_1x2mm","~","1","","",""
"Q1","BTA16-600B","Package_TO_SOT_THT:TO-220-3_Vertical","https://www.st.com/resource/en/datasheet/bta16.pdf","1","","",""
"R1,R2,R3","1K","Resistor_THT:R_Axial_DIN0207_L6.3mm_D2.5mm_P10.16mm_Horizontal","~","3","","",""
"R4,R5,R6","330 ohm","Resistor_THT:R_Axial_DIN0207_L6.3mm_D2.5mm_P10.16mm_Horizontal","~","3","","",""
"U1","SFH617A-1X001","Package_DIP:DIP-4_W7.62mm","http://www.vishay.com/docs/83740/sfh617a.pdf","1","","",""
"U2","MOC3020M","Package_DIP:DIP-6_W7.62mm","https://www.onsemi.com/pub/Collateral/MOC3023M-D.PDF","1","","",""
