"Reference","Value","Footprint","Datasheet","Qty","DNP","Exclude from BOM","Exclude from Board"
"C1","100nF","Capacitor_THT:C_Disc_D4.3mm_W1.9mm_P5.00mm","~","1","","",""
"C2,C3","22pF","Capacitor_THT:C_Disc_D4.3mm_W1.9mm_P5.00mm","~","2","","",""
"HEATER1,MIXER1","PWMout&GND1","TerminalBlock:TerminalBlock_MaiXu_MX126-5.0-02P_1x02_P5.00mm","~","2","","",""
"J1","FTDI1","TerminalBlock_MetzConnect:TerminalBlock_MetzConnect_Type101_RT01606HBWC_1x06_P5.08mm_Horizontal","~","1","","",""
"J2","SPI1","TerminalBlock:TerminalBlock_MaiXu_MX126-5.0-05P_1x05_P5.00mm","~","1","","",""
"J3","I2C1","TerminalBlock:TerminalBlock_MaiXu_MX126-5.0-03P_1x03_P5.00mm","~","1","","",""
"J4","INTO, 5V, & GND1","TerminalBlock:TerminalBlock_MaiXu_MX126-5.0-03P_1x03_P5.00mm","~","1","","",""
"J5","COOLER","TerminalBlock_MetzConnect:TerminalBlock_MetzConnect_360271_1x01_Horizontal_ScrewM3.0_Boxed","~","1","","",""
"J6","PUMP1","TerminalBlock_MetzConnect:TerminalBlock_MetzConnect_360271_1x01_Horizontal_ScrewM3.0_Boxed","~","1","","",""
"J7","PUMP2","TerminalBlock_MetzConnect:TerminalBlock_MetzConnect_360271_1x01_Horizontal_ScrewM3.0_Boxed","~","1","","",""
"J8","5V, GND","TerminalBlock:TerminalBlock_MaiXu_MX126-5.0-02P_1x02_P5.00mm","~","1","","",""
"J12","TT1","TerminalBlock:TerminalBlock_MaiXu_MX126-5.0-03P_1x03_P5.00mm","~","1","","",""
"J13","TT2","TerminalBlock:TerminalBlock_MaiXu_MX126-5.0-03P_1x03_P5.00mm","~","1","","",""
"J14","FT1","TerminalBlock:TerminalBlock_MaiXu_MX126-5.0-03P_1x03_P5.00mm","~","1","","",""
"J15","FT2","TerminalBlock:TerminalBlock_MaiXu_MX126-5.0-03P_1x03_P5.00mm","~","1","","",""
"R1","10Kohms","Resistor_THT:R_Axial_DIN0207_L6.3mm_D2.5mm_P10.16mm_Horizontal","~","1","","",""
"R6","4.7K","Resistor_THT:R_Axial_DIN0207_L6.3mm_D2.5mm_P10.16mm_Horizontal","~","1","","",""
"U1","ATmega328P-P","Package_DIP:DIP-28_W7.62mm","http://ww1.microchip.com/downloads/en/DeviceDoc/ATmega328_P%20AVR%20MCU%20with%20picoPower%20Technology%20Data%20Sheet%2040001984A.pdf","1","","",""
"Y1","16MHZ","Crystal:Crystal_HC18-U_Vertical","~","1","","",""
